{"cameraMode":{"drawMode":0,"name":"Shaded","section":"Shading Mode"},"sceneLighting":true,"audioPlay":false,"sceneViewState":{"m_AlwaysRefresh":false,"showFog":true,"showSkybox":true,"showFlares":true,"showImageEffects":true,"showParticleSystems":true,"showVisualEffectGraphs":true,"m_FxEnabled":true},"in2DMode":false,"pivot":{"x":-1.3802061080932618,"y":1.1459254026412964,"z":1.0605113506317139},"rotation":{"x":0.015546218492090702,"y":-0.6034788489341736,"z":0.01176938135176897,"w":0.797141432762146},"size":2.828122615814209,"orthographic":false}